dataset,feature,R2_train,AdjR2_train,R2_test,AdjR2_test,n_train,n_test,p
slv,_summary,0.6764455458899875,0.6728965025176656,-1.1190403867494343,-1.2153604043289543,554,139,6
